{
    "Players In Range Display": {
        "x": 0.0,
        "y": 0.0
    },
    "Necron Phase Timer": {
        "x": 0.0052083335,
        "y": 0.46851853
    },
    "Soulflow Display": {
        "x": 0.65,
        "y": 0.85
    },
    "Endstone Protector Spawn Timer": {
        "x": 0.625,
        "y": 0.083333336
    },
    "Container Sell Value": {
        "x": 0.258,
        "y": 0.283
    },
    "Blood Room Portal Timer": {
        "x": 0.05,
        "y": 0.4
    },
    "Livid HP": {
        "x": 0.4610677,
        "y": 0.047453705
    },
    "Arrow Swapper Display": {
        "x": 0.65,
        "y": 0.85
    },
    "Dolphin Pet Display": {
        "x": 0.20833333,
        "y": 0.083333336
    },
    "Stacking Enchant Display": {
        "x": 0.65,
        "y": 0.85
    },
    "Placed Summoning Eye Display": {
        "x": 0.20833333,
        "y": 0.25
    },
    "Rain Timer": {
        "x": 0.041666668,
        "y": 0.041666668
    },
    "Legion Player Display": {
        "x": 0.20833333,
        "y": 0.20833333
    },
    "Dungeon Timer": {
        "x": 0.0045386907,
        "y": 0.34923983
    },
    "Seraph Display": {
        "x": 0.083333336,
        "y": 0.083333336
    },
    "Trophy Fish Display": {
        "x": 0.0,
        "y": 0.0
    },
    "Hidden Jerry Timer": {
        "x": 0.041666668,
        "y": 0.041666668
    },
    "Wither Shield Display": {
        "x": 0.65,
        "y": 0.85
    },
    "Dungeon Map": {
        "x": 0.84309524,
        "y": 0.011780366
    },
    "Spirit Bear Spawn Timer": {
        "x": 0.05,
        "y": 0.4
    },
    "Show Arachne HP": {
        "x": 0.8333333,
        "y": 0.125
    },
    "Dungeon Crypts Counter": {
        "x": 0.15,
        "y": 0.013888889,
        "scale": 2.0
    },
    "Sadan Phase Timer": {
        "x": 0.004166667,
        "y": 0.46574074
    },
    "Guardian Respawn Timer": {
        "x": 0.8333333,
        "y": 0.125
    },
    "Dungeon Secret Display": {
        "x": 0.05,
        "y": 0.4
    },
    "Kuudra Chest Profit": {
        "x": 0.0,
        "y": 0.0
    },
    "Dungeon Chest Profit": {
        "x": 0.8333333,
        "y": 0.5
    },
    "Dungeon Score Estimate": {
        "x": 0.8333333,
        "y": 0.41666666
    },
    "Slayer Armor Display": {
        "x": 0.625,
        "y": 0.083333336
    },
    "Totem Display": {
        "x": 0.0,
        "y": 0.0
    },
    "Mayor Jerry Tracker": {
        "x": 0.625,
        "y": 0.5
    },
    "Show Giant HP": {
        "x": 0.43735123,
        "y": 0.045026455
    },
    "Quiver Display": {
        "x": 0.05,
        "y": 0.4
    },
    "Mayor Jerry Perk Display": {
        "x": 0.041666668,
        "y": 0.041666668
    },
    "Slayer Display": {
        "x": 0.0065104165,
        "y": 0.30671296
    },
    "Jamcat": {
        "x": 0.0,
        "y": 0.0
    },
    "Visitor Offer Helper": {
        "x": 0.258,
        "y": 0.283
    },
    "Selected Arrow Display": {
        "x": 0.65,
        "y": 0.85
    },
    "Spam Gui": {
        "x": 0.65,
        "y": 0.925
    },
    "Crystal Hollows Map": {
        "x": 5.2083336E-4,
        "y": 9.259259E-4,
        "scale": 2.5241935
    },
    "Mythological Tracker": {
        "x": 0.0029017767,
        "y": 0.33363473
    },
    "World Age Display": {
        "x": 0.20833333,
        "y": 0.25
    },
    "Item Cooldown Display": {
        "x": 0.041666668,
        "y": 0.041666668
    },
    "Ping Display": {
        "x": 0.10602678,
        "y": 0.98237497
    }
}