{
    "879ec655-0b9e-4941-8b76-f09eab6a9d52": 900000.0,
    "1e0adf68-1110-4442-932a-aaa673082802": 500000.0,
    "b21a7d5a-5bbc-4f59-8c6d-eea3f3b29d15": 1.8299998E7,
    "346b3d1f-f8b2-4e6f-8462-f899adcd74cc": 20000.0,
    "37b8e5d1-8e9b-41bf-9111-f1e8ace176c5": 20000.0,
    "b2d0f980-4755-4320-be02-1962666cb3a7": 24999.0,
    "93eba86e-09dc-430f-9816-f283f4d491de": 39000.0,
    "b5c98571-8eeb-470d-a4f1-8fada086b2cc": 600000.0,
    "56f9001f-bd0e-49a4-a8c4-f3b98d2ed099": 700000.0,
    "c8f39367-275a-4d2c-97fe-e2134599e7e9": 780000.0,
    "53caf9b4-5a68-4d97-ba76-1d179bf8565a": 1.07E7,
    "97a24526-36c2-456f-9ad8-0e61aea3d192": 7400000.0,
    "5d4acefc-6088-4828-ad50-a723c642c2dd": 120000.0,
    "90550891-7b5e-4554-87e7-2a0a7652f6e8": 111111.0,
    "be7bee24-2bec-46c5-8f28-e59979ecfd64": 3600000.0,
    "d0ad3609-a002-443c-a3df-d8ebd4dd312c": 8500000.0,
    "a53660ef-548a-4b60-8526-b6a4988a68fd": 1290000.0,
    "2c464408-24bb-4d56-ace0-bcae7816b100": 8275000.0,
    "5e43e37a-f6bb-4233-9f02-2fc0f67ab687": 1740000.0,
    "fa07b3ac-cca7-4de8-9ab9-72c827f9e5f2": 1400000.0,
    "be1cc62d-4f09-4846-a68e-bfe7749df54f": 1500000.0,
    "34d363d0-77be-481c-a076-58cf42c1b6f5": 999999.0,
    "efa2ca26-7303-4f62-8686-90079a9ce8cb": 699999.0,
    "7c6e9bf6-f3d9-4855-bcd9-3ce26d95ac84": 690000.0,
    "9c31867f-5366-4df6-ad2a-f1e403bbea26": 350000.0,
    "441b8cb1-e297-4fe4-a93c-dd039748400f": 1.0E7,
    "f02f2e4f-bc2f-4183-a7f6-c688776103bc": 5.0E7,
    "b8a9fd2e-23e9-44ce-8282-7a11401d04e8": 1650000.0,
    "78485a34-efff-45f8-aff7-02b6765482a1": 3700000.0,
    "77827e4a-cd29-4190-8a1f-1e8dd96113ef": 9800000.0,
    "11860aa8-2ac5-43a5-b6cb-7cdadedd6b90": 1200000.0,
    "eb3c856c-2277-494a-ac7d-734547d4c684": 1.5E7,
    "38f90054-d585-47bb-b078-a17f1da0f49b": 4600000.0,
    "2ce94d1f-0963-474a-92e0-f650d34ac729": 8990000.0,
    "8b1e1462-1c64-4ce9-8a19-c4ee52e92de9": 1400000.0,
    "2abcaa23-d4ee-48e7-88c7-4009600aabf2": 3.9599999E7,
    "f105f237-1a3f-4208-a9af-301c6a33daf9": 2.1E7,
    "6d74e6ab-66a0-45de-b989-bacdc8bbfdcb": 470000.0,
    "1f8de71b-d975-432e-a20b-15407fe0918c": 393000.0,
    "afffe596-601e-46c1-867b-ef66605feb87": 4.75E7,
    "e0a5bbfe-bb1d-4598-9702-a01b1e597e6b": 10000.0,
    "2fc72bd6-044c-4d9d-abe7-69af77c90504": 9000.0,
    "2854d86d-725f-4397-be91-4e7bb42d3c81": 5500.0,
    "84a0d8e5-060f-488a-8721-3a7b0b468810": 12500.0,
    "2d886d0c-1137-4dcb-8050-19761d9b2a32": 5000.0,
    "1c221972-3479-416b-bac3-ef3ab3e10322": 20000.0,
    "0ba9b3a9-90ad-441b-84da-49b74dc81bcc": 17500.0,
    "29841e2e-01a7-48f0-a181-979ef12dcaf5": 45000.0,
    "89a1c090-bb51-4a66-aaac-1e0b59dc8284": 3000000.0,
    "c5b79b47-4ff7-42b7-ad19-4436d0ee158f": 4999000.0,
    "fd3f9123-10bd-4f00-bac7-b940c5603e54": 9000.0,
    "974857b8-6b1a-43ef-99bf-2920d1523aa0": 1600000.0,
    "8f2bbc37-26fc-4ab4-a33d-fa454f6977f4": 1.25E7,
    "65224b2b-1689-4e0b-9d49-c3dc7b44bb8c": 8800000.0,
    "9ec5a54f-43dc-4665-878d-f62cf4934955": 2000.0,
    "1c785c64-3632-433d-8a61-9bfb65ccb9de": 3000.0,
    "d7794203-fceb-41fc-a8e4-cca14c6f8310": 10000.0,
    "402552dd-4d47-4520-b1c6-c6490d9a9862": 8000.0,
    "3f9a2b8c-7bbf-48a5-85ca-a9f5b6df1778": 25000.0,
    "84fbde3a-4be1-45cc-a6bf-a98c01d806b8": 45678.0,
    "1e4092f4-1e90-4652-af63-740cb286c8ef": 80000.0,
    "038e05da-cb45-49ee-bc54-7591f6f69a62": 99000.0,
    "66f85592-2b81-4605-869e-aab9b5fb54fc": 29999.0,
    "b47920f2-94c0-4d56-a5b7-927e683e4e57": 20000.0,
    "bd616d28-1b7a-4b8f-b6ec-5361805c9c37": 35000.0,
    "aa2ec4e0-b9bc-4297-b204-aeb0a9e92681": 40000.0,
    "1e305ec3-f6fa-434c-ad3d-231ec43f8403": 2999999.0,
    "184fbbeb-b15f-4bb6-9431-495483205aa0": 4500000.0,
    "b8005178-cc28-47f1-b761-7b5a675627d0": 119000.0,
    "d66ac254-0063-4b34-b9f6-522c78eea8ea": 1400000.0,
    "50aa0681-43fa-49c1-ac2f-d88fb1554d2e": 2.4E7,
    "57195203-66b3-47c0-bdc9-c9f73cdc4d18": 194000.0,
    "6954f787-7d31-42ba-a5e8-6d653256f78e": 7200000.0,
    "73502a4c-b39f-4b93-85c6-af798f86aa88": 440000.0,
    "249bbb5f-67e3-4198-98d7-d0e1a1d241d4": 1599999.0,
    "71497976-a2ad-45d2-82d5-a97b4fa9673f": 350000.0,
    "0d5094f2-ce70-4c77-8286-e463e3e9f3f3": 1.989E7,
    "54ed1dd2-893f-4f7b-9b64-78ebb705e662": 700000.0,
    "41b3a111-4b56-4e13-b34f-6922334ec8c9": 1.8E7,
    "fceb2ce0-7f73-4b00-9f1b-3f45f971ab61": 110000.0,
    "f674f2e2-e8aa-4b10-90f8-969fecb4c327": 1.6E7,
    "e340000c-2fc8-4dd3-be2d-b84e656d2513": 6000.0,
    "869b771b-769e-44d9-9757-2b8447d47e35": 15000.0,
    "ca8ef113-b217-4158-94e6-24608ad9ed2c": 15000.0,
    "c1b9decc-2ea6-43cc-bcff-6cdb553fcd15": 20000.0,
    "c1c682c4-3036-4650-aa48-acd518b0c406": 4000.0,
    "13b21ddf-ed9f-44ed-9c75-b4962941e280": 998000.0,
    "7d7a9c65-0b44-4ec5-a0c9-14b8e3c8b571": 1.04E7,
    "a0e3d897-b4ec-4f3a-bd67-700c5e1c0758": 5940000.0,
    "fee36980-eb71-4fbf-936c-c385faf3c96b": 1600000.0,
    "1981e97f-877f-4a95-b1a5-0d9e495a100d": 298000.0,
    "c0b836ab-a8ae-43c3-b5b0-9c232d8a84b6": 900000.0,
    "1f3a5b1f-e320-414f-b945-e0bc1e0838e2": 120000.0,
    "55dd1a5b-eff2-4ec6-b026-a1a8da1e49ab": 1000000.0,
    "e82017b1-d1f7-4c43-ba2f-d6fab1901a9d": 2500000.0,
    "93b42a3c-c31e-4d83-aed9-25473227c0cd": 7179000.0,
    "14344c31-a39a-48a1-ba6f-0093086b9567": 7179000.0,
    "9ef8867c-f536-438f-9fd3-236d331fa590": 1540000.0,
    "3e88abee-4cfc-4239-ae05-77186fda7f7c": 1100000.0,
    "e52715b9-3fb8-461d-8dca-60c5895cee5d": 1.575E7,
    "c0ea493e-5f36-45d5-848c-63b00a7ea69c": 2400000.0,
    "297dc737-f28a-4217-80b6-920cdc41bbbb": 4600000.0,
    "ef323e75-fb2c-404f-851d-cb1188ed7bbb": 1330000.0,
    "a80af2f8-ecdc-4c4b-8524-fb6e83ea3453": 5750000.0,
    "14896305-994e-40db-a5a0-4df995562ca6": 1.12E7,
    "9bb76027-c049-44be-9edc-bc472df51561": 200000.0,
    "a3eeacb9-4553-4305-967f-14dd75fc9f60": 1.08E7,
    "2b91dece-a21d-4b40-b4c2-e31c4eb302d9": 6000000.0,
    "5a33f0b0-9939-495c-83dd-447189da2a9d": 6500000.0,
    "b7bae1eb-6723-41be-a9c9-e98e1adf308e": 120000.0
}